,Date ,series ,OPEN ,HIGH ,LOW ,PREV. CLOSE ,ltp ,close ,vwap ,52W H ,52W L ,VOLUME ,VALUE ,No of trades 
0,11-Oct-2024,EQ,287.2,288.65,284.15,286.9,285.25,285.9,286.24,340.5,127.0,"96,77,338","2,77,00,67,922.90","97,555"
1,10-Oct-2024,EQ,283.95,289.6,283.4,282.4,286.9,286.9,286.98,340.5,127.0,"1,91,55,691","5,49,72,26,134.85","1,65,859"
2,09-Oct-2024,EQ,282.0,286.6,278.5,280.25,282.6,282.4,282.82,340.5,127.0,"1,89,84,175","5,36,90,23,738.45","1,75,927"
3,08-Oct-2024,EQ,267.0,281.5,265.55,267.35,281.5,280.25,275.06,340.5,127.0,"2,91,90,708","8,02,92,27,634.25","2,33,418"
4,07-Oct-2024,EQ,277.4,278.9,265.0,277.2,267.4,267.35,269.31,340.5,127.0,"2,17,04,629","5,84,53,56,472.95","2,40,837"
5,04-Oct-2024,EQ,278.7,281.9,273.55,278.7,277.4,277.2,278.23,340.5,127.0,"1,74,51,235","4,85,54,58,363.60","1,56,166"
6,03-Oct-2024,EQ,275.05,286.3,275.05,283.95,278.8,278.7,280.65,340.5,127.0,"2,73,21,529","7,66,78,03,017.50","2,39,354"
7,01-Oct-2024,EQ,285.1,286.6,282.55,285.1,284.0,283.95,284.55,340.5,127.0,"1,38,83,476","3,95,05,04,883.90","1,41,159"
8,30-Sep-2024,EQ,293.45,294.6,283.6,293.45,284.4,285.1,286.92,340.5,127.0,"3,26,95,169","9,38,07,92,758.45","2,77,838"
9,27-Sep-2024,EQ,292.35,294.85,289.2,290.5,291.95,293.45,293.17,340.5,127.0,"20,85,88,855","61,15,26,30,021.55","3,35,221"
10,26-Sep-2024,EQ,290.6,291.9,289.05,289.85,290.4,290.5,290.27,340.5,127.0,"1,83,43,882","5,32,46,09,068.65","1,56,566"
11,25-Sep-2024,EQ,294.0,295.0,287.65,291.8,289.75,289.85,291.01,340.5,127.0,"1,92,63,084","5,60,56,65,283.10","2,24,188"
12,24-Sep-2024,EQ,286.3,293.4,284.55,286.3,292.9,291.8,289.47,340.5,127.0,"2,53,46,532","7,33,70,15,083.50","3,04,302"
13,23-Sep-2024,EQ,280.0,286.7,278.65,277.35,286.5,286.3,283.71,340.5,127.0,"1,94,45,968","5,51,71,03,114.45","1,65,132"
14,20-Sep-2024,EQ,274.0,279.4,272.85,272.7,277.7,277.35,276.68,340.5,127.0,"3,85,01,362","10,65,24,41,297.45","2,35,297"
15,19-Sep-2024,EQ,284.0,284.85,267.1,282.85,274.0,272.7,272.57,340.5,127.0,"4,45,60,220","12,14,58,00,771.85","3,71,919"
16,18-Sep-2024,EQ,284.9,286.0,280.4,284.3,282.6,282.85,283.03,340.5,127.0,"1,04,50,571","2,95,78,49,161.60","1,13,449"
17,17-Sep-2024,EQ,290.5,290.85,283.9,290.4,284.4,284.3,285.42,340.5,127.0,"1,59,46,216","4,55,14,32,389.45","1,69,137"
18,16-Sep-2024,EQ,290.9,292.2,288.4,289.95,290.95,290.4,290.12,340.5,127.0,"91,84,637","2,66,46,14,503.70","77,428"
19,13-Sep-2024,EQ,293.0,294.0,289.6,291.7,290.1,289.95,291.21,340.5,127.0,"1,23,30,463","3,59,07,90,408.60","1,10,888"
20,12-Sep-2024,EQ,290.9,292.5,289.0,288.05,291.25,291.7,291.11,340.5,127.0,"1,61,02,095","4,68,75,07,255.35","1,16,045"
21,11-Sep-2024,EQ,286.45,290.45,284.35,285.75,288.1,288.05,288.06,340.5,127.0,"2,16,50,737","6,23,66,78,131.05","2,24,251"
22,10-Sep-2024,EQ,282.5,288.35,282.3,281.55,286.15,285.75,285.55,340.5,127.0,"1,99,82,334","5,70,59,40,169.70","2,42,536"
23,09-Sep-2024,EQ,282.0,284.5,275.75,283.6,284.15,281.55,279.22,340.5,127.0,"2,91,70,063","8,14,48,80,223.00","3,05,330"
24,06-Sep-2024,EQ,290.35,290.35,282.05,290.6,284.05,283.6,284.33,340.5,127.0,"3,00,62,372","8,54,77,78,466.60","3,82,227"
25,05-Sep-2024,EQ,299.0,299.5,290.0,298.95,290.55,290.6,292.71,340.5,127.0,"2,63,42,723","7,71,08,18,581.45","2,94,621"
26,04-Sep-2024,EQ,297.15,301.9,295.3,297.15,299.0,298.95,298.84,340.5,127.0,"1,79,37,646","5,36,05,22,038.45","1,69,249"
27,03-Sep-2024,EQ,300.0,301.35,296.75,296.9,297.25,297.15,298.43,340.5,127.0,"1,39,71,488","4,16,95,27,934.70","1,13,157"
28,02-Sep-2024,EQ,301.95,301.95,295.05,299.3,296.85,296.9,297.16,340.5,127.0,"1,17,13,172","3,48,06,54,200.95","1,58,631"
29,30-Aug-2024,EQ,296.8,302.15,294.35,296.2,299.5,299.3,298.69,340.5,127.0,"2,86,84,991","8,56,78,94,578.90","2,10,946"
30,29-Aug-2024,EQ,299.35,301.05,292.1,299.95,296.8,296.2,296.06,340.5,127.0,"1,91,85,385","5,67,99,35,752.25","3,02,454"
31,28-Aug-2024,EQ,301.05,304.5,299.5,300.9,300.25,299.95,301.31,340.5,127.0,"1,40,05,947","4,22,00,94,397.45","1,03,363"
32,27-Aug-2024,EQ,306.6,307.45,299.6,306.7,301.15,300.9,303.65,340.5,127.0,"1,68,73,099","5,12,35,32,403.85","1,41,651"
33,26-Aug-2024,EQ,308.7,308.9,305.8,306.0,306.6,306.7,307.18,340.5,127.0,"1,52,80,637","4,69,39,05,703.95","1,17,141"
34,23-Aug-2024,EQ,305.5,309.2,304.1,304.5,306.1,306.0,306.76,340.5,127.0,"2,18,91,698","6,71,53,92,732.40","1,41,433"
35,22-Aug-2024,EQ,306.4,306.9,303.5,305.4,304.2,304.5,304.89,340.5,127.0,"1,30,74,829","3,98,63,40,437.60","92,353"
36,21-Aug-2024,EQ,303.0,306.75,302.55,303.15,306.3,305.4,304.31,340.5,127.0,"1,18,62,616","3,60,98,89,376.15","98,031"
37,20-Aug-2024,EQ,302.15,304.5,297.8,302.15,302.75,303.15,301.51,340.5,127.0,"1,41,83,642","4,27,65,23,117.30","1,09,619"
38,19-Aug-2024,EQ,304.8,305.55,301.1,303.3,302.5,302.15,303.35,340.5,127.0,"1,22,32,725","3,71,08,01,334.15","1,07,693"
39,16-Aug-2024,EQ,296.5,303.9,296.0,293.7,303.55,303.3,300.35,340.5,126.75,"2,13,53,408","6,41,35,52,333.55","1,31,914"
40,14-Aug-2024,EQ,296.15,297.05,290.65,296.15,294.65,293.7,293.7,340.5,126.75,"1,66,41,055","4,88,74,01,137.35","1,30,227"
41,13-Aug-2024,EQ,302.0,302.65,295.4,301.4,296.1,296.15,299.82,340.5,126.75,"1,47,46,085","4,42,11,44,528.75","1,90,100"
42,12-Aug-2024,EQ,299.0,303.65,298.25,302.2,301.3,301.4,301.52,340.5,126.75,"1,53,61,379","4,63,18,12,090.35","1,78,931"
43,09-Aug-2024,EQ,302.5,305.0,300.65,298.25,301.9,302.2,302.87,340.5,126.6,"1,55,51,076","4,70,99,79,893.30","1,14,363"
44,08-Aug-2024,EQ,301.0,302.7,297.15,300.2,297.8,298.25,299.38,340.5,126.6,"2,19,63,656","6,57,55,58,038.15","1,51,421"
45,07-Aug-2024,EQ,295.5,301.0,289.8,287.25,300.65,300.2,295.97,340.5,126.6,"2,21,99,473","6,57,03,90,811.00","1,73,796"
46,06-Aug-2024,EQ,292.0,302.6,286.35,290.25,287.8,287.25,293.76,340.5,126.6,"3,91,71,936","11,50,72,76,878.70","3,41,869"
47,05-Aug-2024,EQ,289.85,297.45,285.0,302.95,289.35,290.25,291.31,340.5,126.6,"5,03,90,560","14,67,92,41,428.70","5,34,296"
48,02-Aug-2024,EQ,305.3,308.7,301.7,311.15,303.15,302.95,304.78,340.5,123.5,"2,61,55,604","7,97,17,22,287.35","2,85,981"
49,01-Aug-2024,EQ,317.7,317.7,308.05,316.05,311.5,311.15,312.01,340.5,123.5,"2,81,41,436","8,78,04,75,983.15","2,50,799"
50,31-Jul-2024,EQ,319.9,320.6,315.45,318.1,316.3,316.05,317.09,340.5,123.5,"2,57,09,971","8,15,22,64,097.05","2,00,287"
51,30-Jul-2024,EQ,325.2,326.55,317.6,321.35,317.8,318.1,321.12,340.5,123.5,"4,11,11,245","13,20,14,53,383.20","2,88,057"
52,29-Jul-2024,EQ,312.8,325.6,310.85,309.9,321.3,321.35,318.88,340.5,123.5,"5,13,91,698","16,38,76,95,590.30","3,63,672"
53,26-Jul-2024,EQ,303.8,310.5,302.0,301.45,310.45,309.9,307.64,340.5,123.5,"2,45,12,844","7,54,10,49,572.20","1,70,966"
54,25-Jul-2024,EQ,297.95,303.4,293.4,300.1,302.0,301.45,299.59,340.5,123.5,"2,78,20,556","8,33,48,16,259.05","2,23,174"
55,24-Jul-2024,EQ,302.5,306.5,299.3,301.45,300.6,300.1,302.34,340.5,123.5,"2,40,99,148","7,28,62,08,315.95","3,34,733"
56,23-Jul-2024,EQ,317.0,317.0,281.1,312.3,301.5,301.45,302.55,340.5,123.5,"7,65,13,131","23,14,87,88,750.85","5,88,743"
57,22-Jul-2024,EQ,306.0,314.7,297.3,306.3,313.8,312.3,309.54,340.5,123.5,"3,93,86,992","12,19,18,16,982.95","3,97,073"
58,19-Jul-2024,EQ,309.9,316.9,305.0,313.55,306.8,306.3,309.28,340.5,123.5,"4,33,13,606","13,39,60,81,276.45","3,70,871"
59,18-Jul-2024,EQ,326.5,326.7,312.3,326.15,313.15,313.55,316.21,340.5,123.5,"4,80,43,715","15,19,21,40,094.60","4,27,400"
60,16-Jul-2024,EQ,333.25,334.4,324.5,331.4,326.4,326.15,328.69,340.5,123.5,"2,65,85,927","8,73,84,53,755.30","2,27,205"
61,15-Jul-2024,EQ,336.0,336.05,331.0,333.1,331.95,331.4,332.45,340.5,123.5,"2,20,21,926","7,32,11,38,976.00","1,75,145"
62,12-Jul-2024,EQ,336.9,337.5,328.1,335.5,331.5,333.1,333.48,340.5,122.5,"2,45,17,961","8,17,63,54,799.70","2,17,819"
63,11-Jul-2024,EQ,335.5,338.2,333.0,333.85,335.8,335.5,335.34,340.5,122.5,"3,19,19,433","10,70,38,22,546.75","2,45,927"
64,10-Jul-2024,EQ,340.0,340.5,324.15,334.8,334.0,333.85,333.25,340.5,122.5,"4,67,79,965","15,58,92,57,255.45","3,92,471"
65,09-Jul-2024,EQ,338.0,339.35,328.7,334.6,334.4,334.8,334.12,339.35,122.5,"5,22,25,572","17,44,98,51,109.65","3,08,664"
66,08-Jul-2024,EQ,328.45,335.8,325.6,324.05,335.5,334.6,331.65,335.8,122.5,"7,09,83,243","23,54,17,40,324.15","3,88,249"
67,05-Jul-2024,EQ,317.65,326.8,314.5,317.35,323.8,324.05,323.62,326.8,121.05,"6,31,25,211","20,42,87,14,644.85","3,51,601"
68,04-Jul-2024,EQ,317.4,318.5,313.05,314.5,317.5,317.35,316.64,323.0,121.05,"3,55,91,681","11,26,97,64,851.85","2,00,616"
69,03-Jul-2024,EQ,307.0,315.45,305.75,306.1,314.5,314.5,311.52,323.0,121.05,"4,49,19,849","13,99,33,36,539.65","2,38,422"
70,02-Jul-2024,EQ,309.0,309.0,303.0,307.65,305.8,306.1,305.9,323.0,121.05,"2,39,74,162","7,33,38,11,257.05","1,49,202"
71,01-Jul-2024,EQ,310.95,312.5,305.85,305.9,307.95,307.65,307.71,323.0,121.05,"3,94,95,237","12,15,30,68,711.40","2,49,710"
72,28-Jun-2024,EQ,306.0,309.8,302.75,304.5,309.35,305.9,305.07,323.0,117.9,"2,42,56,902","7,40,00,69,766.15","1,76,389"
73,27-Jun-2024,EQ,306.1,308.15,301.2,306.85,304.7,304.5,304.55,323.0,117.9,"3,99,96,580","12,18,08,78,059.50","2,36,478"
74,26-Jun-2024,EQ,310.0,311.5,305.85,309.7,306.85,306.85,308.38,323.0,117.9,"2,42,38,007","7,47,44,35,049.85","2,15,676"
75,25-Jun-2024,EQ,310.9,314.95,309.2,309.75,309.7,309.7,311.98,323.0,117.9,"2,91,24,110","9,08,60,03,158.10","1,95,683"
76,24-Jun-2024,EQ,304.8,311.9,297.45,304.95,310.0,309.75,308.58,323.0,117.9,"3,91,39,609","12,07,75,22,015.50","2,77,524"
77,21-Jun-2024,EQ,312.7,314.0,304.1,311.9,305.5,304.95,308.5,323.0,117.9,"3,76,20,968","11,60,61,53,929.05","3,16,286"
78,20-Jun-2024,EQ,309.8,313.35,302.25,309.3,312.05,311.9,309.72,323.0,117.9,"3,95,05,506","12,23,55,02,735.65","2,42,233"
79,19-Jun-2024,EQ,319.9,319.9,304.1,318.25,309.8,309.3,311.0,323.0,117.9,"5,86,98,689","18,25,53,12,288.05","4,89,779"
80,18-Jun-2024,EQ,313.0,321.0,312.25,309.6,318.25,318.25,317.57,323.0,117.9,"6,48,59,245","20,59,76,34,274.60","4,13,084"
81,14-Jun-2024,EQ,305.0,310.5,301.5,300.9,309.7,309.6,307.39,323.0,117.9,"6,73,66,844","20,70,76,78,476.55","3,86,477"
82,13-Jun-2024,EQ,293.9,303.0,287.05,290.5,303.0,300.9,295.37,323.0,117.9,"4,95,11,492","14,62,39,64,925.50","3,09,294"
83,12-Jun-2024,EQ,287.9,293.0,286.05,286.2,290.9,290.5,290.48,323.0,117.9,"3,39,90,756","9,87,35,72,881.90","2,33,446"
84,11-Jun-2024,EQ,287.0,290.5,285.35,283.4,286.75,286.2,287.47,323.0,117.9,"3,22,69,277","9,27,64,57,243.70","2,18,539"
85,10-Jun-2024,EQ,288.9,292.0,281.1,283.2,283.1,283.4,285.39,323.0,117.9,"4,23,63,741","12,09,00,73,075.70","4,64,144"
86,07-Jun-2024,EQ,274.0,284.55,268.7,273.65,283.0,283.2,279.29,323.0,113.35,"6,01,09,827","16,78,82,53,742.60","3,44,381"
87,06-Jun-2024,EQ,267.0,281.5,267.0,260.35,274.65,273.65,274.65,323.0,113.35,"9,55,02,477","26,22,96,49,315.10","5,57,035"
88,05-Jun-2024,EQ,264.5,264.5,230.0,255.55,259.7,260.35,249.43,323.0,113.35,"19,34,87,058","48,26,12,02,498.00","10,97,252"
89,04-Jun-2024,EQ,312.0,312.0,230.05,318.65,257.45,255.55,268.85,323.0,113.35,"26,80,52,657","72,06,65,32,847.55","22,63,034"
90,03-Jun-2024,EQ,323.0,323.0,309.3,295.95,319.8,318.65,315.54,323.0,113.35,"6,72,56,146","21,22,17,52,728.65","4,84,212"
91,31-May-2024,EQ,294.2,297.2,286.3,290.65,296.95,295.95,293.23,303.2,110.2,"5,13,97,345","15,07,14,92,269.35","3,55,784"
92,30-May-2024,EQ,293.0,296.3,289.65,292.15,291.55,290.65,293.41,303.2,110.2,"4,27,69,599","12,54,92,36,924.90","2,69,688"
93,29-May-2024,EQ,285.4,293.95,285.0,289.1,292.55,292.15,291.1,303.2,110.2,"3,16,45,904","9,21,20,15,087.80","2,36,613"
94,28-May-2024,EQ,295.7,295.75,285.05,294.45,288.85,289.1,289.88,303.2,110.2,"3,38,93,805","9,82,51,34,532.30","2,62,279"
95,27-May-2024,EQ,301.75,303.2,289.65,297.2,294.2,294.45,296.03,303.2,110.2,"4,98,90,427","14,76,91,26,887.55","3,57,964"
96,24-May-2024,EQ,288.0,299.9,286.0,288.5,296.65,297.2,295.06,299.9,107.3,"6,36,09,206","18,76,83,40,596.25","4,08,128"
97,23-May-2024,EQ,286.3,293.3,283.2,283.6,288.7,288.5,288.65,293.3,107.3,"7,06,31,009","20,38,77,98,393.40","3,69,818"
98,22-May-2024,EQ,277.0,284.5,264.3,274.15,284.4,283.6,278.36,284.5,107.3,"8,58,01,218","23,88,39,95,821.65","4,58,541"
99,21-May-2024,EQ,283.0,283.0,271.05,258.8,274.0,274.15,277.64,283.0,107.3,"12,70,35,921","35,27,04,05,106.60","6,19,435"
100,18-May-2024,EQ,251.5,260.6,250.05,248.2,259.2,258.8,256.97,260.6,105.7,"2,36,19,459","6,06,95,39,712.75","1,40,088"
101,17-May-2024,EQ,241.0,249.65,237.85,237.9,247.95,248.2,244.21,249.65,105.7,"8,22,31,249","20,08,15,01,772.00","3,51,693"
102,16-May-2024,EQ,234.75,240.0,227.5,232.85,239.75,237.9,233.95,241.65,105.7,"5,55,56,781","12,99,75,83,649.05","3,14,663"
103,15-May-2024,EQ,231.8,234.5,229.55,230.95,233.25,232.85,232.0,241.65,105.7,"3,30,45,920","7,66,65,80,499.40","1,72,082"
104,14-May-2024,EQ,225.75,231.9,225.75,224.75,230.9,230.95,229.71,241.65,105.7,"2,31,91,411","5,32,73,76,297.10","96,928"
105,13-May-2024,EQ,228.4,228.7,221.0,227.1,224.8,224.75,224.45,241.65,105.7,"3,28,74,369","7,37,86,76,955.35","1,31,330"
106,10-May-2024,EQ,227.9,228.5,223.15,226.2,227.2,227.1,226.84,241.65,105.7,"1,84,78,580","4,19,16,52,996.75","1,21,631"
107,09-May-2024,EQ,234.5,238.2,225.3,231.6,226.8,226.2,231.39,241.65,105.7,"3,52,29,412","8,15,16,74,210.65","1,67,638"
108,08-May-2024,EQ,227.2,232.65,224.6,227.4,231.7,231.6,229.12,241.65,105.7,"1,89,52,985","4,34,25,81,699.60","1,26,847"
109,07-May-2024,EQ,232.5,235.8,225.45,231.85,227.4,227.4,229.98,241.65,105.7,"2,64,18,769","6,07,58,86,785.85","1,80,350"
110,06-May-2024,EQ,235.1,235.85,230.0,234.1,231.95,231.85,232.92,241.65,105.7,"3,24,22,021","7,55,18,65,822.95","1,36,001"
111,03-May-2024,EQ,237.1,238.0,231.15,234.75,234.4,234.1,234.72,241.65,103.5,"1,57,82,582","3,70,45,60,584.75","1,33,087"
112,02-May-2024,EQ,234.7,237.4,230.75,233.75,235.15,234.75,234.5,241.65,103.5,"1,91,71,145","4,49,55,39,153.30","1,18,803"
113,30-Apr-2024,EQ,236.3,237.3,233.2,235.4,234.1,233.75,234.73,241.65,103.5,"1,45,14,418","3,40,70,01,593.35","98,715"
114,29-Apr-2024,EQ,240.15,240.2,234.85,238.95,236.0,235.4,236.51,241.65,103.5,"1,98,76,408","4,70,10,17,951.85","1,29,560"
115,26-Apr-2024,EQ,238.5,241.65,237.9,237.6,238.9,238.95,239.57,241.65,100.4,"2,04,73,627","4,90,48,61,041.25","1,19,833"
116,25-Apr-2024,EQ,236.4,240.05,235.45,236.5,237.35,237.6,238.01,240.05,100.4,"1,61,97,834","3,85,52,31,755.10","1,10,511"
117,24-Apr-2024,EQ,235.25,239.15,234.1,234.35,236.15,236.5,237.23,239.15,100.4,"3,33,92,337","7,92,15,28,323.25","1,57,276"
118,23-Apr-2024,EQ,234.25,236.1,231.75,233.3,234.4,234.35,234.3,238.0,100.4,"1,92,02,860","4,49,93,09,993.85","1,31,797"
119,22-Apr-2024,EQ,236.0,236.15,232.3,233.3,233.7,233.3,233.45,238.0,100.4,"1,75,49,094","4,09,67,66,387.50","1,02,149"
120,19-Apr-2024,EQ,228.55,234.5,225.7,231.15,233.15,233.3,231.28,238.0,100.0,"2,72,27,241","6,29,70,56,950.40","1,54,009"
121,18-Apr-2024,EQ,235.6,237.4,229.2,233.45,232.95,231.15,234.8,238.0,100.0,"1,86,23,078","4,37,27,54,574.45","1,23,097"
122,16-Apr-2024,EQ,232.5,236.95,230.0,234.45,233.8,233.45,234.5,238.0,100.0,"3,25,08,661","7,62,33,00,476.10","1,64,313"
123,15-Apr-2024,EQ,230.0,238.0,226.0,233.5,234.4,234.45,233.25,238.0,100.0,"5,16,76,313","12,05,36,45,822.30","2,64,315"
124,12-Apr-2024,EQ,231.3,235.4,230.55,228.75,233.6,233.5,233.34,235.4,98.75,"5,71,74,716","13,34,08,64,573.40","2,63,880"
125,10-Apr-2024,EQ,229.0,232.85,226.5,228.15,228.7,228.75,229.93,232.85,98.75,"3,72,18,693","8,55,76,30,376.80","2,06,481"
126,09-Apr-2024,EQ,224.8,228.9,221.2,223.55,228.2,228.15,225.91,228.9,98.75,"2,90,48,035","6,56,22,39,753.60","1,44,456"
127,08-Apr-2024,EQ,225.55,225.7,222.1,224.5,223.7,223.55,223.78,226.0,98.75,"1,64,22,350","3,67,49,60,371.70","91,909"
128,05-Apr-2024,EQ,220.35,226.0,218.75,220.3,224.1,224.5,222.82,226.0,95.05,"2,53,65,958","5,65,21,53,459.30","1,17,018"
129,04-Apr-2024,EQ,223.5,223.9,218.25,221.5,220.5,220.3,220.8,225.45,95.05,"1,82,79,026","4,03,60,03,454.20","1,17,205"
130,03-Apr-2024,EQ,221.7,225.45,218.85,221.0,221.5,221.5,222.16,225.45,95.05,"4,76,58,754","10,58,79,46,537.35","2,27,146"
131,02-Apr-2024,EQ,213.75,222.65,212.6,211.1,221.65,221.0,219.47,222.65,95.05,"9,38,73,385","20,60,23,09,109.30","3,04,792"
132,01-Apr-2024,EQ,205.0,212.75,203.75,201.5,211.6,211.1,207.85,216.8,95.05,"4,58,40,349","9,52,78,16,417.15","1,82,106"
133,28-Mar-2024,EQ,200.5,202.45,199.0,199.45,201.85,201.5,201.19,216.8,89.9,"1,74,25,093","3,50,57,45,228.90","86,067"
134,27-Mar-2024,EQ,200.0,203.95,198.0,199.4,199.0,199.45,200.42,216.8,89.9,"3,78,17,130","7,57,92,45,377.10","1,23,953"
135,26-Mar-2024,EQ,197.0,200.5,195.95,197.5,199.5,199.4,198.81,216.8,89.9,"2,57,23,863","5,11,41,62,878.10","1,12,388"
136,22-Mar-2024,EQ,196.5,198.95,192.75,196.85,197.75,197.5,196.02,216.8,89.9,"3,13,21,524","6,13,95,08,157.90","1,38,929"
137,21-Mar-2024,EQ,190.0,197.5,190.0,187.45,196.7,196.85,194.86,216.8,89.9,"4,31,52,810","8,40,87,14,176.00","2,19,957"
138,20-Mar-2024,EQ,186.9,187.95,182.5,185.4,187.75,187.45,186.01,216.8,89.9,"1,62,35,947","3,02,00,19,020.10","1,04,913"
139,19-Mar-2024,EQ,190.0,192.45,184.55,189.9,185.35,185.4,187.37,216.8,89.9,"2,78,19,341","5,21,24,07,391.15","1,41,935"
140,18-Mar-2024,EQ,190.0,192.0,187.05,188.85,190.25,189.9,189.77,216.8,89.9,"2,29,99,225","4,36,45,03,473.85","1,52,386"
141,15-Mar-2024,EQ,196.75,196.75,179.1,195.25,188.85,188.85,186.08,216.8,89.65,"8,87,81,999","16,52,07,75,762.75","4,55,166"
142,14-Mar-2024,EQ,189.0,197.15,186.25,190.3,196.4,195.25,193.14,216.8,89.65,"3,46,22,781","6,68,72,09,925.20","2,62,230"
143,13-Mar-2024,EQ,204.1,205.6,188.2,204.25,189.85,190.3,195.28,216.8,89.65,"4,16,20,003","8,12,76,71,806.10","2,19,476"
144,12-Mar-2024,EQ,211.0,211.35,201.5,212.55,204.25,204.25,205.46,216.8,89.65,"3,47,19,550","7,13,33,09,292.90","2,01,890"
145,11-Mar-2024,EQ,216.45,216.45,211.9,215.2,212.1,212.55,214.0,216.8,89.65,"2,28,00,967","4,87,93,03,405.05","1,24,592"
146,07-Mar-2024,EQ,211.45,216.8,211.15,210.45,215.4,215.2,214.6,216.8,89.65,"4,14,84,038","8,90,26,41,058.65","2,09,418"
147,06-Mar-2024,EQ,211.8,213.45,205.6,210.75,209.9,210.45,209.46,213.75,89.65,"2,62,36,957","5,49,55,09,171.15","1,84,487"
148,05-Mar-2024,EQ,211.0,213.75,209.85,209.6,211.45,210.75,211.31,213.75,89.65,"2,49,64,592","5,27,52,22,703.30","1,28,150"
149,04-Mar-2024,EQ,207.95,212.95,206.35,206.75,209.85,209.6,210.57,212.95,89.65,"3,42,72,251","7,21,68,30,115.80","2,06,411"
150,02-Mar-2024,EQ,206.0,207.7,205.9,205.6,206.3,206.75,206.83,209.0,89.65,"14,97,553","30,97,40,582.85","12,530"
151,01-Mar-2024,EQ,205.95,208.05,204.8,205.1,206.0,205.6,206.22,209.0,89.65,"1,29,49,604","2,67,04,83,748.65","71,530"
152,29-Feb-2024,EQ,205.45,205.9,199.75,205.65,205.55,205.1,203.75,209.0,89.65,"2,40,59,731","4,90,21,26,907.80","93,387"
153,28-Feb-2024,EQ,206.2,209.0,201.45,205.35,205.0,205.65,205.8,209.0,89.65,"3,89,96,363","8,02,56,22,086.40","2,04,032"
154,27-Feb-2024,EQ,203.55,209.0,203.1,204.25,205.1,205.35,206.03,209.0,89.65,"2,88,77,205","5,94,97,12,516.70","2,63,721"
155,26-Feb-2024,EQ,205.65,206.9,202.8,205.3,204.4,204.25,204.46,207.0,89.65,"2,70,13,630","5,52,31,54,434.15","2,13,908"
156,23-Feb-2024,EQ,196.3,207.0,195.95,194.75,204.6,205.3,202.35,207.0,89.65,"7,61,79,371","15,41,48,36,587.90","3,42,700"
157,22-Feb-2024,EQ,189.75,196.0,188.7,188.7,196.0,194.75,192.72,196.0,89.65,"3,19,92,371","6,16,55,92,378.35","1,64,432"
158,21-Feb-2024,EQ,191.3,192.55,187.0,190.65,188.7,188.7,190.38,195.5,89.65,"1,78,70,782","3,40,23,22,662.30","1,25,008"
159,20-Feb-2024,EQ,189.1,191.45,186.25,188.75,190.7,190.65,189.81,195.5,89.65,"1,78,09,897","3,38,05,13,693.60","1,08,601"
160,19-Feb-2024,EQ,189.95,192.5,188.3,188.3,189.0,188.75,190.38,195.5,89.65,"2,53,43,215","4,82,49,22,647.65","1,38,579"
161,16-Feb-2024,EQ,189.0,190.4,186.85,185.95,187.9,188.3,188.56,195.5,89.65,"2,98,43,059","5,62,72,24,593.85","1,45,647"
162,15-Feb-2024,EQ,183.0,186.3,182.6,181.6,186.0,185.95,185.02,195.5,89.65,"1,73,35,763","3,20,74,82,959.95","1,17,872"
163,14-Feb-2024,EQ,177.25,182.15,175.3,176.6,182.0,181.6,179.66,195.5,89.65,"2,34,49,380","4,21,30,07,649.90","1,41,263"
164,13-Feb-2024,EQ,174.75,176.9,171.75,174.65,176.5,176.6,175.16,195.5,89.65,"1,39,61,795","2,44,55,94,583.75","1,06,409"
165,12-Feb-2024,EQ,181.25,183.1,173.65,180.65,175.0,174.65,177.76,195.5,89.65,"1,96,40,568","3,49,13,85,009.55","1,26,308"
166,09-Feb-2024,EQ,185.5,185.7,176.5,184.8,180.9,180.65,179.92,195.5,89.65,"2,10,81,134","3,79,29,08,785.90","1,45,309"
167,08-Feb-2024,EQ,182.2,187.1,181.75,181.7,185.3,184.8,185.09,195.5,89.65,"2,90,94,709","5,38,50,99,237.95","1,38,849"
168,07-Feb-2024,EQ,184.15,184.15,179.65,183.1,181.85,181.7,181.76,195.5,89.65,"1,41,92,151","2,57,96,14,063.55","1,20,875"
169,06-Feb-2024,EQ,182.4,183.55,180.7,181.55,183.35,183.1,182.57,195.5,89.65,"1,21,34,363","2,21,54,10,520.90","1,00,644"
170,05-Feb-2024,EQ,187.0,187.0,178.8,184.6,181.5,181.55,183.54,195.5,89.65,"2,38,80,364","4,38,30,77,502.20","1,75,569"
171,02-Feb-2024,EQ,185.0,187.75,183.85,183.4,184.5,184.6,185.32,195.5,87.0,"2,77,10,061","5,13,52,24,537.20","1,80,434"
172,01-Feb-2024,EQ,187.7,188.4,181.55,185.9,183.5,183.4,184.18,195.5,87.0,"2,78,35,431","5,12,67,86,835.90","1,76,726"
173,31-Jan-2024,EQ,188.2,189.1,184.85,187.9,186.25,185.9,186.13,195.5,87.0,"2,37,57,415","4,42,19,39,520.65","1,69,976"
174,30-Jan-2024,EQ,192.0,192.35,187.0,190.9,188.0,187.9,189.37,195.5,87.0,"2,08,94,159","3,95,68,11,960.30","1,51,713"
175,29-Jan-2024,EQ,190.0,193.7,187.55,189.7,191.7,190.9,190.93,195.5,87.0,"2,89,19,512","5,52,15,95,071.25","1,37,760"
176,25-Jan-2024,EQ,190.75,192.0,188.3,189.25,189.95,189.7,189.85,195.5,87.0,"1,25,92,882","2,39,08,03,337.10","1,28,052"
177,24-Jan-2024,EQ,186.8,190.2,184.0,187.1,189.4,189.25,188.14,195.5,87.0,"1,47,42,783","2,77,37,16,284.15","1,18,101"
178,23-Jan-2024,EQ,195.25,195.5,184.4,193.4,187.2,187.1,188.97,195.5,87.0,"2,66,28,471","5,03,19,10,850.70","1,57,317"
179,20-Jan-2024,EQ,193.0,195.0,190.7,191.85,193.45,193.4,193.3,195.0,87.0,"1,26,54,436","2,44,61,12,214.25","68,956"
180,19-Jan-2024,EQ,190.0,193.7,190.0,188.2,192.0,191.85,191.64,193.7,87.0,"2,23,03,305","4,27,40,98,237.30","1,47,037"
181,18-Jan-2024,EQ,185.65,189.0,180.0,185.65,189.0,188.2,185.47,190.25,87.0,"2,48,31,623","4,60,55,71,445.75","1,53,298"
182,17-Jan-2024,EQ,186.3,188.5,183.8,186.8,186.1,185.65,186.03,190.25,87.0,"1,63,50,370","3,04,16,99,550.25","1,06,554"
183,16-Jan-2024,EQ,188.9,190.25,185.1,188.65,186.5,186.8,187.87,190.25,87.0,"1,64,71,601","3,09,44,49,856.45","99,112"
184,15-Jan-2024,EQ,184.9,189.9,184.1,183.5,188.85,188.65,187.59,189.9,87.0,"2,45,70,393","4,60,90,64,269.65","1,36,428"
185,12-Jan-2024,EQ,185.35,185.5,183.1,184.35,183.75,183.5,183.95,188.65,87.0,"88,53,157","1,62,85,47,608.85","77,326"
186,11-Jan-2024,EQ,187.0,187.65,183.8,185.6,184.35,184.35,185.38,188.65,87.0,"1,09,42,508","2,02,84,87,273.55","66,848"
187,10-Jan-2024,EQ,184.4,186.0,182.05,184.65,186.0,185.6,184.15,188.65,87.0,"87,01,594","1,60,24,10,232.75","65,221"
188,09-Jan-2024,EQ,184.9,186.7,184.2,183.6,185.0,184.65,185.34,188.65,87.0,"1,15,50,790","2,14,08,34,759.40","63,489"
189,08-Jan-2024,EQ,186.75,187.5,183.2,185.95,184.75,183.6,184.67,188.65,87.0,"1,14,72,441","2,11,86,40,718.65","74,094"
190,05-Jan-2024,EQ,187.7,188.65,184.05,186.9,186.1,185.95,186.91,188.65,87.0,"2,20,23,938","4,11,65,63,974.30","98,674"
191,04-Jan-2024,EQ,182.5,187.65,182.5,182.35,187.2,186.9,185.53,187.65,87.0,"2,54,03,124","4,71,29,44,402.60","90,977"
192,03-Jan-2024,EQ,182.35,184.7,180.6,182.15,182.7,182.35,182.6,187.0,87.0,"1,87,38,690","3,42,16,51,530.70","76,751"
193,02-Jan-2024,EQ,186.0,186.2,179.75,184.95,182.45,182.15,181.85,187.0,87.0,"2,27,90,965","4,14,44,84,941.15","1,14,946"
194,01-Jan-2024,EQ,184.8,187.0,184.45,184.2,184.5,184.95,185.65,187.0,87.0,"1,80,08,785","3,34,34,17,730.30","1,20,893"
195,29-Dec-2023,EQ,182.95,185.2,181.1,182.7,183.5,184.2,183.35,185.2,87.0,"1,93,05,150","3,53,96,65,590.10","1,04,107"
196,28-Dec-2023,EQ,181.5,184.25,180.8,180.2,182.5,182.7,182.61,184.9,87.0,"2,04,53,485","3,73,49,61,405.55","1,19,866"
197,27-Dec-2023,EQ,184.0,184.9,179.1,181.95,180.7,180.2,181.93,184.9,87.0,"2,62,06,240","4,76,76,64,913.30","1,31,493"
198,26-Dec-2023,EQ,178.0,184.5,178.0,174.8,182.5,181.95,182.12,184.5,87.0,"5,27,36,391","9,60,45,45,840.75","2,97,531"
199,22-Dec-2023,EQ,171.95,175.25,169.4,170.65,174.55,174.8,172.89,176.3,87.0,"1,96,40,046","3,39,56,42,217.35","97,612"
200,21-Dec-2023,EQ,165.0,171.85,164.05,167.25,170.7,170.65,169.52,176.3,87.0,"2,26,46,625","3,83,90,80,279.30","1,24,094"
201,20-Dec-2023,EQ,173.75,176.3,166.15,173.05,166.95,167.25,172.31,176.3,87.0,"2,45,11,237","4,22,36,04,671.10","1,78,215"
202,19-Dec-2023,EQ,172.9,174.4,171.1,172.7,173.15,173.05,172.89,174.4,87.0,"1,47,32,129","2,54,70,97,668.20","97,367"
203,18-Dec-2023,EQ,171.75,174.35,169.45,169.05,172.35,172.7,172.17,174.35,87.0,"3,59,01,409","6,18,13,12,326.05","1,52,206"
204,15-Dec-2023,EQ,166.0,170.2,165.25,164.0,169.35,169.05,168.33,170.2,87.0,"3,97,66,631","6,69,40,24,639.30","1,54,755"
205,14-Dec-2023,EQ,163.1,164.35,162.6,162.85,164.0,164.0,163.5,164.35,87.0,"1,38,87,946","2,27,07,34,902.65","72,030"
206,13-Dec-2023,EQ,160.2,163.9,159.4,160.8,162.65,162.85,162.04,163.9,87.0,"1,68,04,086","2,72,28,66,313.20","82,048"
207,12-Dec-2023,EQ,162.45,162.8,160.0,161.25,160.75,160.8,161.28,163.25,87.0,"1,63,06,341","2,62,98,82,238.20","1,11,589"
208,11-Dec-2023,EQ,159.8,163.25,159.15,158.75,161.4,161.25,161.46,163.25,87.0,"2,29,41,648","3,70,42,55,517.05","1,07,016"
209,08-Dec-2023,EQ,161.35,162.35,157.3,160.35,158.7,158.75,159.18,162.35,87.0,"2,28,69,782","3,64,03,05,021.35","1,21,662"
210,07-Dec-2023,EQ,161.8,161.8,158.25,156.15,160.2,160.35,159.92,161.8,87.0,"5,13,46,222","8,21,14,51,709.05","1,75,068"
211,06-Dec-2023,EQ,152.6,157.15,151.85,152.0,156.0,156.15,155.17,157.5,87.0,"2,66,88,698","4,14,13,00,891.65","1,16,051"
212,05-Dec-2023,EQ,153.7,155.1,149.95,153.55,152.3,152.0,151.95,157.5,87.0,"2,91,09,123","4,42,30,09,463.05","1,17,678"
213,04-Dec-2023,EQ,152.0,157.5,151.6,147.45,153.75,153.55,154.42,157.5,87.0,"5,14,16,976","7,93,97,53,106.05","1,86,200"
214,01-Dec-2023,EQ,147.95,150.3,146.75,145.9,147.3,147.45,148.27,150.3,87.0,"3,44,66,616","5,11,04,35,564.80","1,28,531"
215,30-Nov-2023,EQ,141.0,146.35,140.75,141.0,146.0,145.9,144.49,147.15,87.0,"2,75,91,484","3,98,66,61,321.00","1,06,929"
216,29-Nov-2023,EQ,142.05,142.65,140.5,141.3,141.2,141.0,141.05,147.15,87.0,"1,46,80,789","2,07,06,64,118.55","99,899"
217,28-Nov-2023,EQ,141.65,141.8,140.4,140.35,141.1,141.3,141.18,147.15,87.0,"85,95,693","1,21,35,65,785.00","68,813"
218,24-Nov-2023,EQ,139.95,142.15,137.35,139.35,140.4,140.35,140.21,147.15,87.0,"1,96,14,754","2,75,02,46,176.45","75,047"
219,23-Nov-2023,EQ,141.85,142.55,139.1,141.85,139.8,139.35,139.97,147.15,87.0,"1,31,38,745","1,83,89,72,964.85","80,406"
220,22-Nov-2023,EQ,143.25,143.45,140.15,142.85,142.1,141.85,141.71,147.15,87.0,"74,45,272","1,05,50,66,423.50","62,127"
221,21-Nov-2023,EQ,144.15,144.55,142.25,143.85,143.15,142.85,143.12,147.15,87.0,"99,72,235","1,42,71,77,846.00","67,047"
222,20-Nov-2023,EQ,146.4,146.75,143.15,146.1,144.1,143.85,144.49,147.15,87.0,"77,41,502","1,11,85,68,868.25","46,421"
223,17-Nov-2023,EQ,142.85,146.5,141.8,142.6,145.95,146.1,144.54,147.15,87.0,"1,34,96,261","1,95,06,94,716.00","63,388"
224,16-Nov-2023,EQ,143.25,144.35,142.2,143.05,142.65,142.6,143.07,147.15,87.0,"1,14,53,235","1,63,86,43,272.65","57,606"
225,15-Nov-2023,EQ,144.5,145.4,142.5,143.4,143.25,143.05,143.5,147.15,87.0,"1,14,40,473","1,64,16,50,907.45","78,149"
226,13-Nov-2023,EQ,139.15,144.2,139.05,139.6,143.2,143.4,143.01,147.15,87.0,"2,02,45,049","2,89,52,01,400.15","82,600"
227,12-Nov-2023,EQ,139.95,140.3,139.3,138.8,139.5,139.6,139.73,147.15,87.0,"13,62,464","19,03,81,914.85","19,870"
228,10-Nov-2023,EQ,137.5,139.1,137.05,137.95,138.85,138.8,138.35,147.15,87.0,"57,81,314","79,98,55,940.35","35,812"
229,09-Nov-2023,EQ,139.95,139.95,137.6,140.4,138.0,137.95,138.3,147.15,87.0,"54,81,774","75,81,49,231.50","44,152"
230,08-Nov-2023,EQ,137.75,141.15,137.7,138.05,140.2,140.4,140.2,147.15,87.0,"97,55,483","1,36,77,23,114.35","61,398"
231,07-Nov-2023,EQ,137.55,138.95,136.7,137.65,137.75,138.05,138.11,147.15,87.0,"85,87,321","1,18,59,69,483.70","46,726"
232,06-Nov-2023,EQ,136.95,138.0,136.0,135.95,137.7,137.65,137.04,147.15,87.0,"70,70,089","96,89,19,326.20","37,622"
233,03-Nov-2023,EQ,135.15,137.0,134.75,134.75,136.0,135.95,136.01,147.15,87.0,"91,54,983","1,24,51,54,131.15","31,663"
234,02-Nov-2023,EQ,133.7,135.0,133.3,132.4,135.0,134.75,134.28,147.15,87.0,"48,85,035","65,59,69,347.90","35,700"
235,01-Nov-2023,EQ,133.75,134.55,132.05,133.25,132.4,132.4,133.57,147.15,87.0,"1,04,31,945","1,39,34,11,717.95","66,496"
236,31-Oct-2023,EQ,132.5,133.65,130.75,131.95,133.5,133.25,132.44,147.15,87.0,"80,98,744","1,07,26,17,955.20","45,371"
237,30-Oct-2023,EQ,133.5,133.95,130.8,132.2,132.0,131.95,131.97,147.15,87.0,"90,52,085","1,19,46,25,050.90","41,779"
238,27-Oct-2023,EQ,129.25,132.85,129.25,128.85,132.5,132.2,131.81,147.15,87.0,"87,61,931","1,15,49,07,956.95","49,882"
239,26-Oct-2023,EQ,130.0,130.2,127.0,131.2,129.3,128.85,128.23,147.15,87.0,"1,81,67,694","2,32,96,64,982.15","82,224"
240,25-Oct-2023,EQ,132.5,134.65,129.25,132.7,131.2,131.2,132.02,147.15,87.0,"1,02,25,867","1,34,99,77,078.40","67,392"
241,23-Oct-2023,EQ,134.3,135.9,131.4,134.2,131.8,132.7,133.39,147.15,87.0,"1,93,33,777","2,57,89,85,958.15","74,906"
242,20-Oct-2023,EQ,136.7,136.9,133.5,137.0,134.1,134.2,134.77,147.15,87.0,"89,82,112","1,21,05,59,621.75","62,041"
243,19-Oct-2023,EQ,136.0,137.2,135.05,137.05,136.85,137.0,136.39,147.15,87.0,"77,75,836","1,06,05,25,671.85","60,578"
244,18-Oct-2023,EQ,138.75,138.95,136.4,138.55,137.1,137.05,137.42,147.15,87.0,"68,06,231","93,53,43,723.20","39,910"
245,17-Oct-2023,EQ,137.5,138.9,137.5,137.4,138.45,138.55,138.4,147.15,87.0,"60,76,896","84,10,68,550.80","40,858"
246,16-Oct-2023,EQ,137.0,137.9,136.55,137.45,137.3,137.4,137.36,147.15,87.0,"77,85,480","1,06,94,00,761.05","49,844"
